prompt,text
1,"More and more people use computers, but not everyone agrees that this benefits society. Those who support advances in technology believe that computers have a positive effect on people. The teach hand-eye coordination, give people the ability to learn about farway places and people, and even allow people to talk online with other people. Others have different ideas. Some experts are concerned that people are spending too much time on their computers and less time exercising, enjoying nature, and interacting with family and friends. Write a letter to your local newspaper in which you state your opinion on the effects computers have on people. Persuade the readers to agree with you. "
2,"All of us can think of a book that we hope none of our children or any other children have taken off the shelf. But if I have the right to remove that book from the shelf�that work I abhor�then you also have exactly the same right and so does everyone else. And then we have no books left on the shelf for any of us._ Katherine Paterson Author Write a persuasive essay to a newspaper reflecting your views on censorship in libraries. Do you believe that certain materials, such as books, music, movies, magazines, etc., should be removed from the shelves if they are found offensive? Support your position with convincing arguments from your own experience, observations, and/or reading."
3,"Write a response that explains how the features of the setting affect the cyclist. In your response, include examples from the essay that support your conclusion. "
4,"When they come back, Saeng vowed silently to herself, in the spring, when the snows melt and the geese return and this hibiscus is budding, then I will take that test again. Write a response that explains why the author concludes the story with this paragraph. In your response, include details andexamples from the story that support your ideas. "
5,Describe the mood created by the author in the memoir. Support your answer with relevant and specific information from the memoir. 
6,"Based on the excerpt, describe the obstacles the builders of the Empire State Buildingfaced in attempting to allow dirigibles to dock there. Support your answer with relevantand specific information from the excerpt. "
7,Write about patience. Being patient means that you are understanding and tolerant. A patient person experiences difficulties without complaining. Do only one of the following: write a story about a time when you were patient or write a story about a time when someone you know was patient or write a story in your own way about patience. 
8,"""If you want a place in the sun, you will have to expect some blisters"" Tell a true story about a time when this quote was true for you or someone you know. "